{
  "spot_name": "dry_mid_oop_3bet",
  "board": [
    "Ks",
    "8d",
    "3c"
  ],
  "pot": 18.0,
  "effective_stack": 82.0,
  "street": "flop",
  "position": "oop",
  "strategies": {
    "AA": {
      "bet": 0.95,
      "check": 0.050000000000000044
    },
    "KK": {
      "bet": 0.95,
      "check": 0.050000000000000044
    },
    "QQ": {
      "bet": 0.8999999999999999,
      "check": 0.10000000000000009
    },
    "JJ": {
      "bet": 0.7999999999999999,
      "check": 0.20000000000000007
    },
    "TT": {
      "bet": 0.7499999999999999,
      "check": 0.2500000000000001
    },
    "AhKh": {
      "bet": 0.7999999999999999,
      "check": 0.20000000000000007
    },
    "AhQh": {
      "bet": 0.75,
      "check": 0.25
    },
    "KhQh": {
      "bet": 0.7,
      "check": 0.30000000000000004
    },
    "JhTh": {
      "bet": 0.6,
      "check": 0.4
    },
    "Th9h": {
      "bet": 0.5499999999999999,
      "check": 0.45000000000000007
    },
    "7h2c": {
      "bet": 0.2,
      "check": 0.8
    },
    "8h3c": {
      "bet": 0.15000000000000002,
      "check": 0.85
    },
    "9h4c": {
      "bet": 0.15000000000000002,
      "check": 0.85
    },
    "6h2d": {
      "bet": 0.10000000000000003,
      "check": 0.8999999999999999
    }
  },
  "metadata": {
    "generated_by": "precompute_postflop.py",
    "source": "approximated_gto"
  }
}