{
  "spot_name": "mono_mid_ip_3bet",
  "board": [
    "Jh",
    "8h",
    "3h"
  ],
  "pot": 18.0,
  "effective_stack": 82.0,
  "street": "flop",
  "position": "ip",
  "strategies": {
    "AA": {
      "bet": 0.7999999999999999,
      "check": 0.20000000000000007
    },
    "KK": {
      "bet": 0.7000000000000001,
      "check": 0.29999999999999993
    },
    "QQ": {
      "bet": 0.65,
      "check": 0.35
    },
    "JJ": {
      "bet": 0.55,
      "check": 0.44999999999999996
    },
    "TT": {
      "bet": 0.5,
      "check": 0.5
    },
    "AhKh": {
      "bet": 0.9999999999999999,
      "check": 1.1102230246251565e-16
    },
    "AhQh": {
      "bet": 0.9500000000000001,
      "check": 0.04999999999999993
    },
    "KhQh": {
      "bet": 0.9,
      "check": 0.09999999999999998
    },
    "JhTh": {
      "bet": 0.7999999999999999,
      "check": 0.20000000000000007
    },
    "Th9h": {
      "bet": 0.75,
      "check": 0.25
    },
    "7h2c": {
      "bet": 0.1,
      "check": 0.9
    },
    "8h3c": {
      "bet": 0.1,
      "check": 0.9
    },
    "9h4c": {
      "bet": 0.1,
      "check": 0.9
    },
    "6h2d": {
      "bet": 0.1,
      "check": 0.9
    }
  },
  "metadata": {
    "generated_by": "precompute_postflop.py",
    "source": "approximated_gto"
  }
}