{
  "spot_name": "paired_low_oop_srp",
  "board": [
    "7s",
    "7d",
    "2c"
  ],
  "pot": 6.0,
  "effective_stack": 94.0,
  "street": "flop",
  "position": "oop",
  "strategies": {
    "AA": {
      "bet": 0.85,
      "check": 0.15000000000000002
    },
    "KK": {
      "bet": 0.75,
      "check": 0.25
    },
    "QQ": {
      "bet": 0.7,
      "check": 0.30000000000000004
    },
    "JJ": {
      "bet": 0.6,
      "check": 0.4
    },
    "TT": {
      "bet": 0.5499999999999999,
      "check": 0.45000000000000007
    },
    "AhKh": {
      "bet": 0.5499999999999999,
      "check": 0.45000000000000007
    },
    "AhQh": {
      "bet": 0.5,
      "check": 0.5
    },
    "KhQh": {
      "bet": 0.44999999999999996,
      "check": 0.55
    },
    "JhTh": {
      "bet": 0.35,
      "check": 0.65
    },
    "Th9h": {
      "bet": 0.30000000000000004,
      "check": 0.7
    },
    "7h2c": {
      "bet": 0.0,
      "check": 1.0
    },
    "8h3c": {
      "bet": 0.0,
      "check": 1.0
    },
    "9h4c": {
      "bet": 0.0,
      "check": 1.0
    },
    "6h2d": {
      "bet": 0.0,
      "check": 1.0
    }
  },
  "metadata": {
    "generated_by": "precompute_postflop.py",
    "source": "approximated_gto"
  }
}