{
  "spot_name": "paired_high_oop_3bet",
  "board": [
    "Ks",
    "Kd",
    "7c"
  ],
  "pot": 18.0,
  "effective_stack": 82.0,
  "street": "flop",
  "position": "oop",
  "strategies": {
    "AA": {
      "bet": 0.95,
      "check": 0.050000000000000044
    },
    "KK": {
      "bet": 0.85,
      "check": 0.15000000000000002
    },
    "QQ": {
      "bet": 0.7999999999999999,
      "check": 0.20000000000000007
    },
    "JJ": {
      "bet": 0.7,
      "check": 0.30000000000000004
    },
    "TT": {
      "bet": 0.6499999999999999,
      "check": 0.3500000000000001
    },
    "AhKh": {
      "bet": 0.6499999999999999,
      "check": 0.3500000000000001
    },
    "AhQh": {
      "bet": 0.6,
      "check": 0.4
    },
    "KhQh": {
      "bet": 0.5499999999999999,
      "check": 0.45000000000000007
    },
    "JhTh": {
      "bet": 0.44999999999999996,
      "check": 0.55
    },
    "Th9h": {
      "bet": 0.4,
      "check": 0.6
    },
    "7h2c": {
      "bet": 0.1,
      "check": 0.9
    },
    "8h3c": {
      "bet": 0.1,
      "check": 0.9
    },
    "9h4c": {
      "bet": 0.1,
      "check": 0.9
    },
    "6h2d": {
      "bet": 0.1,
      "check": 0.9
    }
  },
  "metadata": {
    "generated_by": "precompute_postflop.py",
    "source": "approximated_gto"
  }
}