{
  "spot_name": "paired_high_ip_3bet",
  "board": [
    "Ks",
    "Kd",
    "7c"
  ],
  "pot": 18.0,
  "effective_stack": 82.0,
  "street": "flop",
  "position": "ip",
  "strategies": {
    "AA": {
      "bet": 1.0,
      "check": 0.0
    },
    "KK": {
      "bet": 1.0,
      "check": 0.0
    },
    "QQ": {
      "bet": 0.95,
      "check": 0.050000000000000044
    },
    "JJ": {
      "bet": 0.85,
      "check": 0.15000000000000002
    },
    "TT": {
      "bet": 0.7999999999999999,
      "check": 0.20000000000000007
    },
    "AhKh": {
      "bet": 0.7999999999999999,
      "check": 0.20000000000000007
    },
    "AhQh": {
      "bet": 0.75,
      "check": 0.25
    },
    "KhQh": {
      "bet": 0.7,
      "check": 0.30000000000000004
    },
    "JhTh": {
      "bet": 0.6,
      "check": 0.4
    },
    "Th9h": {
      "bet": 0.55,
      "check": 0.44999999999999996
    },
    "7h2c": {
      "bet": 0.25,
      "check": 0.75
    },
    "8h3c": {
      "bet": 0.2,
      "check": 0.8
    },
    "9h4c": {
      "bet": 0.2,
      "check": 0.8
    },
    "6h2d": {
      "bet": 0.15000000000000002,
      "check": 0.85
    }
  },
  "metadata": {
    "generated_by": "precompute_postflop.py",
    "source": "approximated_gto"
  }
}